Variant name,CP,VP,mAbs phase3,mAbs structure,other mAbs
S:501Y,148,116,51,32,141
S:484K,88,57,58,23,146
S:417N,63,71,38,20,112
S:417V,36,0,0,10,10
S:384A,36,0,0,8,8
S:452K,36,0,0,8,8
S:494D,36,0,0,8,8
S:486L,24,0,7,3,15
S:417T,24,0,3,3,8
S:982A,20,27,16,12,44
S:681H,20,22,21,15,66
S:18F,20,22,16,12,49
S:144del,20,22,16,12,47
S:1118H,20,22,16,12,44
S:570D,20,22,16,12,44
S:716I,20,22,16,11,43
S:246I,20,22,12,9,32
S:215G,20,22,12,9,32
S:80A,20,22,12,9,32
S:701V,20,22,12,8,31
20A.EU2,20,5,11,6,37
S:69del,15,11,1,8,10
S:453F,14,15,18,11,57
S:484Q,9,0,8,3,13
S:484P,9,0,0,0,0
S:494P,6,0,16,6,40
S:446V,6,0,12,8,39
S:384L,4,0,4,5,17
S:439K,3,26,20,22,78
S:456V,3,0,2,1,3
S:456K,3,0,1,3,4
S:796H,3,0,0,9,9
S:477R,2,15,0,0,27
S:452R,2,0,14,7,45
S:478I,2,0,13,10,49
S:444N,2,0,5,2,17
S:450D,2,0,4,3,19
S:486S,2,0,2,0,12
S:456A,2,0,1,3,4
S:485R,2,0,0,2,2
S:345A,2,0,0,0,10
S:345N,2,0,0,0,10
S:345S,2,0,0,0,10
S:346G,2,0,0,0,10
S:352D,2,0,0,0,10
S:441R,2,0,0,0,10
S:444E,2,0,0,0,10
S:446D,2,0,0,0,10
S:450K,2,0,0,0,10
S:450Y,2,0,0,0,10
S:477G,2,0,0,0,10
S:484G,2,0,0,0,10
S:486Y,2,0,0,0,10
S:499L,2,0,0,0,10
S:490S,1,0,13,7,33
S:484D,1,0,4,1,16
S:440K,0,15,14,2,36
S:475V,0,15,5,7,36
S:346S,0,15,4,2,23
S:483A,0,1,7,9,24
S:476S,0,1,7,8,23
S:367F,0,1,4,8,19
S:409E,0,1,3,5,16
S:354D,0,1,3,5,15
S:435S,0,1,2,10,26
S:458R,0,1,2,10,26
S:472V,0,1,2,10,26
S:519P,0,1,2,10,26
S:341I,0,1,2,5,14
S:359N,0,1,2,5,14
S:408I,0,1,2,5,14
S:321L,0,1,1,5,13
S:348T,0,1,1,5,13
S:378R,0,1,1,5,13
S:508H,0,1,1,5,13
S:490L,0,0,11,12,36
S:455F,0,0,10,7,20
S:444Q,0,0,10,5,18
S:222V,0,0,10,4,23
S:486V,0,0,10,3,16
S:445A,0,0,9,6,19
S:417E,0,0,8,5,15
S:493K,0,0,8,4,14
S:444T,0,0,7,1,10
S:493R,0,0,6,2,26
S:487R,0,0,4,4,12
S:583D,0,0,4,3,12
S:655Y,0,0,4,3,12
S:1163Y,0,0,4,3,12
S:485D,0,0,4,3,9
S:445E,0,0,4,2,6
S:445L,0,0,4,2,6
S:456R,0,0,4,1,9
S:475R,0,0,4,1,9
S:486R,0,0,4,1,9
S:494R,0,0,4,1,9
S:406W,0,0,4,0,5
S:483I,0,0,3,8,18
S:1229I,0,0,3,5,15
S:346K,0,0,3,3,6
S:537R,0,0,3,0,4
S:501T,0,0,3,0,4
S:486K,0,0,3,0,4
S:936Y,0,0,2,12,28
S:5F,0,0,2,10,26
S:831V,0,0,2,10,26
S:943T,0,0,2,10,26
S:483F,0,0,2,3,5
S:479S,0,0,2,2,4
S:484A,0,0,2,1,13
S:444R,0,0,2,1,3
S:445G,0,0,2,1,3
S:445I,0,0,2,1,3
S:445K,0,0,2,1,3
S:446S,0,0,2,1,3
S:455I,0,0,2,1,3
S:455R,0,0,2,1,3
S:475D,0,0,2,1,3
S:476A,0,0,2,1,3
S:493L,0,0,2,1,3
S:503F,0,0,2,1,3
S:460T,0,0,2,0,3
S:493E,0,0,2,0,3
S:692V,0,0,2,0,2
S:1147L,0,0,2,0,2
S:149Q,0,0,1,5,14
S:8V,0,0,1,5,13
S:8W,0,0,1,5,13
S:17Q,0,0,1,5,13
S:49Y,0,0,1,5,13
S:61Q,0,0,1,5,13
S:74K,0,0,1,5,13
S:74Q,0,0,1,5,13
S:145del,0,0,1,5,13
S:149H,0,0,1,5,13
S:165Q,0,0,1,5,13
S:234Q,0,0,1,5,13
S:282Q,0,0,1,5,13
S:331Q,0,0,1,5,13
S:338L,0,0,1,5,13
S:354K,0,0,1,5,13
S:414E,0,0,1,5,13
S:458N,0,0,1,5,13
S:468F,0,0,1,5,13
S:468T,0,0,1,5,13
S:519Q,0,0,1,5,13
S:520S,0,0,1,5,13
S:522S,0,0,1,5,13
S:522V,0,0,1,5,13
S:603Q,0,0,1,5,13
S:1237I,0,0,1,5,13
S:1263L,0,0,1,5,13
S:239K,0,0,1,5,13
S:845S,0,0,1,5,13
S:879S,0,0,1,5,13
S:939F,0,0,1,5,13
S:615L,0,0,1,5,13
S:616Q,0,0,1,5,13
S:657Q,0,0,1,5,13
S:709Q,0,0,1,5,13
S:839E,0,0,1,5,13
S:943R,0,0,1,5,13
S:1098Q,0,0,1,5,13
S:1124V,0,0,1,5,13
S:1134Q,0,0,1,5,13
S:1158Q,0,0,1,5,13
S:1173Q,0,0,1,5,13
S:1194Q,0,0,1,5,13
S:340A,0,0,1,0,2
S:682W,0,0,1,0,2
S:1128F,0,0,1,0,2
S:420T,0,0,1,0,2
S:460K,0,0,1,0,2
S:460S,0,0,1,0,2
S:440D,0,0,1,0,1
S:489H,0,0,1,0,1
S:483K,0,0,1,0,1
S:334K,0,0,1,0,1
S:335F,0,0,1,0,1
S:337H,0,0,1,0,1
S:337L,0,0,1,0,1
S:337R,0,0,1,0,1
S:337S,0,0,1,0,1
S:337T,0,0,1,0,1
S:339D,0,0,1,0,1
S:340K,0,0,1,0,1
S:340G,0,0,1,0,1
S:344S,0,0,1,0,1
S:354S,0,0,1,0,1
S:417R,0,0,1,0,1
S:436R,0,0,1,0,1
S:373F,0,0,0,8,8
S:486A,0,0,0,3,3
S:484V,0,0,0,2,2
S:490K,0,0,0,2,2
S:440A,0,0,0,2,2
S:444A,0,0,0,2,2
S:449N,0,0,0,2,2
S:20N,0,0,0,1,6
S:26S,0,0,0,1,6
S:190S,0,0,0,1,6
S:12P,0,0,0,1,5
S:136Y,0,0,0,1,5
S:19A,0,0,0,1,4
S:147T,0,0,0,1,4
S:246A,0,0,0,1,4
S:138Y,0,0,0,1,4
S:146Y,0,0,0,1,3
S:392A,0,0,0,1,1
S:378N,0,0,0,1,1
S:420R,0,0,0,1,1
S:253G,0,0,0,0,1
S:253Y,0,0,0,0,1
