pattern,ref,position,aa,domain,num_ref_name,cp,vp,mAbs phase3,mAbs structure,other mAbs,all mAbs,num_exp
L18F,L,18,F,NTD,6,43,22,21,25,22,68,133
D80A,D,80,A,NTD,3,43,22,13,15,21,49,114
D215G,D,215,G,NTD,4,55,22,13,15,21,49,126
R246I,R,246,I,NTD,4,43,22,15,15,21,51,116
S247R,S,247,R,NTD,1,13,0,9,0,11,20,33
K417N,K,417,N,RBD,19,151,122,61,42,92,195,468
N439K,N,439,K,RBD,18,52,75,36,27,46,109,236
L452R,L,452,R,RBD,16,73,70,38,7,54,99,242
Y453F,Y,453,F,RBD,13,26,48,35,11,48,94,168
S477N,S,477,N,RBD,14,117,10,25,9,37,71,198
E484Q,E,484,Q,RBD,8,18,43,15,7,8,30,91
E484K,E,484,K,RBD,37,224,205,95,53,110,258,687
F490S,F,490,S,RBD,14,29,60,22,10,28,60,149
N501Y,N,501,Y,RBD,26,251,116,65,41,123,229,596
A570D,A,570,D,CTD,4,20,22,20,19,7,46,88
H655Y,H,655,Y,CTD,1,0,0,6,6,0,12,12
Q675H,Q,675,H,CTD,1,12,0,0,0,0,0,12
P681R,P,681,R,CTD,1,8,9,3,0,0,3,20
P681H,P,681,H,CTD,6,20,22,26,23,19,68,110
A701V,A,701,V,S2,3,43,22,13,14,21,48,113
T716I,T,716,I,S2,4,20,22,20,18,7,45,87
D936Y,D,936,Y,S2,3,32,0,4,10,14,28,60
S982A,S,982,A,S2,4,20,27,20,19,7,46,93
D1118H,D,1118,H,S2,4,20,22,20,19,7,46,88
other,,10000,,CTD,5,40,0,19,22,29,70,110
other,,10000,,S2,12,227,60,57,85,140,282,569
other,,10000,,NTD,22,430,197,132,162,250,544,1171
other,,10000,,RBD,35,882,343,657,534,1297,2488,3713
