Variant name,Nickname,CP,VP,mAbs phase3,mAbs structure,other mAbs,all mAbs
"K417V,N439K",,0,0,0,2,0,2
"P479S,F1121L",,0,0,0,2,0,2
"E484Q,Q779H",,0,0,0,2,0,2
"I210T,N440K,E484K,D936N,S939F,T1027I",,0,0,1,0,0,1
"E484K,Q677H,T732S,E1202Q",,0,0,1,0,0,1
"T95I,N354K",,0,0,1,0,0,1
"K417N,E484K,N501Y,R683G",,0,0,1,0,13,14
"L455R,E484K,R683G",,0,0,1,0,13,14
"G261D,Y453F",,0,0,1,2,0,3
"E484K,R683G",,0,0,2,0,26,28
"D80Y,D215Y,242-244∆,K417N,E484K,N501Y,A701V",,0,0,3,0,0,3
"Y453F,Q498H",,0,0,3,0,0,3
"69-70∆,Y453F,F486L,N501T,M1229I",,0,0,3,0,0,3
"S13I,W152C,L452R,E484K",,0,0,4,0,4,8
"L452R,T478K",,0,0,6,0,0,6
"L18F,T20N,P26S,D138Y,R190S,K417T,E484K,N501Y,H655Y,T1027I",,0,0,6,0,4,10
"G446V,F456V,E484P",,1,0,0,0,0,0
"141-145∆,E484G",,1,1,0,0,0,0
"141-145∆,F490L",,1,1,0,0,0,0
"244-247∆,E484G",,1,1,0,0,0,0
"244-247∆,F490L",,1,1,0,0,0,0
"S477N,S514F",,4,0,0,0,0,0
"T345A,L517R",,4,0,0,0,0,0
"K417N,G446V,E484K",,6,6,0,0,0,0
"L5F,T95I,D253G,S477N,A701V",,6,8,3,0,0,3
"G75V,T76I",,8,21,3,0,0,3
"141-145∆,R408I",,10,0,2,4,7,13
"L5F,Q1208H",,12,0,0,0,0,0
"L18F,A222V",,12,0,0,0,0,0
"69-70∆,N439K",,12,0,4,0,0,4
"145-146∆,E484K",,16,18,6,0,0,6
"L452R,E484Q",,16,52,4,0,0,4
"L452R,E484Q,P681R",,16,52,6,0,0,6
"L18F,T20N,P26S,D138Y,R190S,K417T,E484K,N501Y,H655Y",,20,22,7,8,3,18
"69-70∆,Y453F",,27,11,4,6,3,13
"L18F,D80A,D215G,K417N,E484K,N501Y,A701V",,48,0,1,2,14,17
"D80A,D215G,E484K,N501Y,A701V",,48,0,3,2,14,19
"69-70∆,141-145∆,N501Y,A570D,P681H,T716I,S982A",,122,64,0,0,0,0
"F157L,V367F,Q613H,P681R",A.23.,0,8,0,0,0,0
"R102I,F157L,V367F,E484K,Q613H,P681R",A.23.1 :+102I+484,0,8,1,0,0,1
"L18F,A222V,L452R,N501Y,A653V,H655Y,D796Y,G1219V",A.27.R,0,6,0,0,0,0
"D80Y,141-145∆,210∆,D215G,244-247∆,L249M,W258L,R346K,T478R,E484K,H655Y,P681H,Q957H",A.VOI.V,0,8,0,0,0,0
"69-70∆,N501Y,A570D",Alpha (variation),10,18,0,0,0,0
"69-70∆,N501Y,P681H",Alpha (variation),12,8,3,0,0,3
"69-70∆,N501Y",Alpha (variation),27,31,14,11,19,44
"69-70∆,141-145∆,N501Y,A570D,P681H,T716I,S982A,D1118H",B.1.1.,1012,2302,101,53,139,293
"Y453F,I692V,M1229I",B.1.1.29,0,65,0,0,0,0
"69-70∆,Y453F,I692V,M1229I",B.1.1.298 :+69del+70de,5,0,1,0,12,13
"T95I,141-145∆,E484K,P681H,D796H",B.1.1.31,5,0,1,0,12,13
"A27S,P681H",B.1.1.50,0,18,0,0,0,0
"T478K,P681H,T732A",B.1.1.51,0,0,10,0,2,12
"69-70∆,141-145∆,E484K,N501Y,A570D,P681H,T716I,S982A,D1118H",B.1.1.7 + 484 (variation),20,94,7,1,4,12
"69-70∆,141-145∆,E484K,S494P,N501Y,A570D,P681H,T716I,S982A,D1118H",B.1.1.7 + 484K+494 (variation),20,10,0,0,8,8
"69-70∆,141-145∆,N439K,N501Y,A570D,P681H,A684V,T716I,S982A,C1032S,D1118H",B.1.1.7_MZ427280,20,29,0,0,0,0
"L18F,D80A,D215G,242-244∆,R246I,K417N,E484K,N501Y,A701V",B.1.351,645,1856,85,31,57,173
"D80A,D215G,K417N,E484K,N501Y,A701V",B.1.351 :-18F-242del-243del-244del-246 (variation),35,59,0,2,2,4
"D80A,D215G,242-244∆,K417N,E484K,N501Y,A701V",B.1.351 :-18F-246 (variation),30,165,1,2,14,17
"L18F,D80A,D215G,R246I,K417N,E484K,N501Y,A701V",B.1.351 :-242del-243del-244de (variation),96,0,3,0,0,3
"L18F,D80A,D215G,242-244∆,K417N,E484K,N501Y,A701V",B.1.351 :-246 (variation),161,215,7,2,18,27
"K417N,E484K,N501Y",B.1.351 RB,286,102,31,22,99,152
"L18F,D80A,D215G,242-244∆,S305T,K417N,E484K,N501Y,A701V",B.1.351_70045,24,0,6,6,0,12
"D80A,D215G,242-244∆,K417N,E484K,N501Y,A701V,Q836L",B.1.351_MW822592,18,28,6,0,0,6
"S13I,P26S,W152C,L452R",B.1.427/9 + 26 (variation),0,8,0,0,0,0
"Q52R,A67V,69-70∆,141-145∆,E484K,Q677H,F888L",B.1.52,5,28,2,0,12,14
"L5F,T95I,D253G,E484K,A701V",B.1.52,31,94,13,1,16,30
"L5F,T95I,D253G,S477N,Q957R",B.1.526 v.,25,10,1,1,12,14
"H49Y,145-146∆,E484K",B.1.61,0,20,0,0,0,0
"T95I,G142D,E154K,L452R,E484Q,P681R,Q1071H",B.1.617,0,28,6,0,4,10
"E154K,L452R,E484Q,P681R,D950N,E1072K,K1073R",B.1.617  v,0,8,0,0,0,0
"T19R,L452R,E484Q,P681R",B.1.617.,0,0,1,0,0,1
"G142D,E154K,V382L,L452R,E484Q,P681R,Q1106H",B.1.617.1 :+382L-1071H-1101D+1106,20,10,0,0,8,8
"T95I,G142D,E154K,L452R,E484Q,P681R,Q1071H,H1101D",B.1.617.1 :+95I-1101,79,58,9,0,2,11
"R21T,E154K,Q218H,L452R,E484Q,P681R,H1101D",B.1.617.1_136038,15,15,6,0,0,6
"G142D,E154K,L452R,E484Q,P681R,Q1071H,H1101D",B.1.617.1_167522,24,118,1,0,0,1
"T19R,E156G,157-158∆,L452R,T478K,P681R,D950N",B.1.617.2,115,440,14,0,7,21
"T19R,G142D,E156G,157-158∆,L452R,T478K,P681R,D950N",B.1.617.2 :+142,0,36,5,0,4,9
"T19R,G142D,L452R,T478K,P681R,D950N",B.1.617.2 :+142D-156G-157del-158de,0,20,0,0,0,0
"E156G,157-158∆,A222V,L452R,T478K,P681R,D950D",B.1.617.2_173101,0,502,0,0,0,0
"T19R,G142D,A222V,L452R,T478K,P681R,D950N",B.1.617.2_240052,20,17,0,0,0,0
"K417N,E484K",Beta (variation),48,10,1,2,14,17
"K417N,N501Y",Beta (variation),48,10,1,2,14,17
"G75V,T76I,246-252∆,L452Q,F490S,M869N",C.3,8,96,3,0,0,3
"N501Y,Q677H",COH.20G/677,10,5,3,0,0,3
"S13I,W152C,L452R",Epsilon,59,349,16,10,46,72
"K417T,E484K,N501Y",Gamma (variation),0,0,1,0,0,1
"K417T,E484K",Gamma (variation),0,0,1,0,0,1
"69-70∆,D796H",Kemp21-d10,3,0,0,3,6,9
"69-70∆,Y453F,I692V,S1147L,M1229I",Mink Cluster,18,0,3,0,0,3
"E484K,V1176F",P.,46,143,11,0,16,27
"L18F,T20N,P26S,D138Y,R190S,K417T,E484K,N501Y,H655Y,T1027I,V1176F",P.,157,479,49,16,41,106
"D138Y,K417T,E484K,N501Y",P.1,19,8,0,0,0,0
"L18F,T20N,P26S,D138Y,K417T,E484K,N501Y,H655Y,T1027I,V1176F",P.1,19,8,0,0,0,0
"141-145∆,Y248ins,E484K",PT188_E,40,0,0,0,0,0
"E484K,N501Y",WA1+ 484K+501Y+614 (variation),67,78,5,7,26,38
"D80A,242-244∆,R246I,K417N,E484K,N501Y,A701V",WA1+ 80A+242del+243del+244del+246I+417N+484K+501Y+614G+701 (variation),70,146,0,0,0,0
"S13I,141-145∆,244-247∆,F490L",Weigang21_d10,21,0,0,0,0,0
"T19I,D80A,D215G,242-244∆,E484K,N501Y,A701V",hCoV-19/Finland/HEL-12-102/202,38,0,0,0,0,0
"D80A,D215G,242-244∆,A243P,K417N,E484K,N501Y,A701V",hCoV-19/France/IDF-IPP00078/202,107,0,0,0,0,0
"T19R,T95I,E156G,157-158∆,L452R,T478K,P681R,D950N",hCoV-19/Israel/CVL-12806/202,0,19,0,0,0,0
"L18F,T20N,P26S,D138Y,G181V,R190S,K417T,E484K,N501Y,H655Y,T1027I,V1176F",hCoV-19/Japan/TY7-501/202,152,37,0,0,0,0
